x,y
[0],[0.4316006]
[1],[0.39257908]
[2],[0.39476675]
[3],[0.35533288]
[4],[0.33141249]
[5],[0.3257935]
[6],[0.34793577]
[7],[0.34460601]
[8],[0.36485103]
[9],[0.34660488]
[10],[0.3419497]
[11],[0.33717316]
[12],[0.3341527]
[13],[0.35723153]
[14],[0.39077684]
[15],[0.41541401]
[16],[0.41757995]
[17],[0.44432467]
[18],[0.43353847]
[19],[0.43232501]
[20],[0.43356043]
[21],[0.41252437]
[22],[0.40248209]
[23],[0.40271237]
[24],[0.38259402]
[25],[0.34201154]
[26],[0.36630329]
[27],[0.3452782]
[28],[0.31994522]
[29],[0.32376182]
[30],[0.3316274]
[31],[0.33237994]
[32],[0.36971486]
[33],[0.36538637]
[34],[0.37301391]
[35],[0.38542116]
[36],[0.42444909]
[37],[0.41834679]
[38],[0.47568086]
[39],[0.52948117]
[40],[0.56903005]
[41],[0.56868362]
[42],[0.62531954]
[43],[0.62999862]
[44],[0.6414752]
[45],[0.6913451]
[46],[0.78068072]
[47],[0.75804377]
[48],[0.7755242]
[49],[0.84926069]
[50],[0.85213208]
[51],[0.76204747]
[52],[0.82531476]
[53],[0.81159186]
[54],[0.70224297]
[55],[0.68687218]
[56],[0.66572273]
[57],[0.58852541]
[58],[0.61311531]
[59],[0.57205123]
[60],[0.50845861]
[61],[0.51975465]
[62],[0.50199765]
[63],[0.46094921]
[64],[0.4073776]
[65],[0.38592717]
[66],[0.31625047]
[67],[0.34346312]
[68],[0.32482791]
[69],[0.38155702]
[70],[0.40443301]
[71],[0.43055755]
[72],[0.39241838]
[73],[0.36564904]
[74],[0.33781052]
[75],[0.37522289]
[76],[0.38835528]
[77],[0.38540593]
[78],[0.42040941]
[79],[0.43610111]
[80],[0.4372139]
[81],[0.43580079]
[82],[0.45631668]
[83],[0.47278216]
[84],[0.47081685]
[85],[0.47037512]
[86],[0.47067294]
[87],[0.48647216]
[88],[0.48782969]
[89],[0.48831004]
[90],[0.47046065]
[91],[0.4788368]
[92],[0.46378577]
[93],[0.4700945]
[94],[0.47552311]
[95],[0.51665854]
[96],[0.54299301]
[97],[0.53430593]
[98],[0.50611025]
[99],[0.49629462]
[100],[0.46506619]
[101],[0.45707241]
[102],[0.44982639]
[103],[0.46921265]
[104],[0.46065578]
[105],[0.44715136]
[106],[0.45019066]
[107],[0.46265975]
[108],[0.46151698]
[109],[0.53946894]
[110],[0.58673847]
[111],[0.57361305]
[112],[0.57687902]
[113],[0.59367973]
[114],[0.59850931]
[115],[0.63764578]
[116],[0.70490766]
[117],[0.80386972]
[118],[0.83351839]
[119],[0.80404508]
[120],[0.74384528]
[121],[0.73436898]
[122],[0.61634916]
[123],[0.62341863]
[124],[0.61331594]
[125],[0.65327168]
[126],[0.59444487]
[127],[0.62125331]
[128],[0.60835367]
[129],[0.61717629]
[130],[0.63727975]
[131],[0.6688149]
[132],[0.71082503]
[133],[0.74781168]
[134],[0.70718735]
[135],[0.7219156]
[136],[0.75191694]
[137],[0.74131942]
[138],[0.71880025]
[139],[0.7490927]
[140],[0.69962752]
[141],[0.65877205]
[142],[0.61995727]
[143],[0.56718642]
[144],[0.57578802]
[145],[0.54198539]
[146],[0.56136209]
[147],[0.54158568]
[148],[0.54944921]
[149],[0.515683]
[150],[0.505665]
[151],[0.47426656]
[152],[0.47291303]
[153],[0.45771202]
[154],[0.42615399]
[155],[0.42640615]
[156],[0.41654277]
[157],[0.38918039]
[158],[0.368682]
[159],[0.35715207]
[160],[0.31508732]
[161],[0.30209732]
[162],[0.29314154]
[163],[0.27428758]
[164],[0.27855769]
[165],[0.27221164]
[166],[0.2539365]
[167],[0.25785983]
[168],[0.2554464]
[169],[0.25899994]
[170],[0.27861321]
[171],[0.29216909]
[172],[0.28052071]
[173],[0.28833604]
[174],[0.26946563]
[175],[0.3026416]
[176],[0.30248958]
[177],[0.30876079]
[178],[0.325798]
[179],[0.37211123]
[180],[0.31272343]
[181],[0.3233684]
[182],[0.34580112]
[183],[0.33862424]
[184],[0.3236782]
[185],[0.34137478]
[186],[0.35248032]
[187],[0.33530891]
[188],[0.35971314]
[189],[0.36914575]
[190],[0.34715018]
[191],[0.37627915]
[192],[0.39220312]
[193],[0.37100911]
[194],[0.37073371]
[195],[0.41146636]
[196],[0.40223593]
[197],[0.41512737]
[198],[0.45510599]
[199],[0.49821201]
[200],[0.54754245]
[201],[0.54932487]
[202],[0.57808787]
[203],[0.59653884]
[204],[0.61365265]
[205],[0.6621713]
[206],[0.6795578]
[207],[0.69765383]
[208],[0.66404045]
[209],[0.65234578]
[210],[0.56581688]
[211],[0.56380236]
[212],[0.57915688]
[213],[0.50427622]
[214],[0.50117719]
[215],[0.47008076]
[216],[0.42548668]
[217],[0.38382265]
[218],[0.39752764]
[219],[0.31443307]
[220],[0.29931024]
[221],[0.33109212]
[222],[0.36460552]
[223],[0.32614672]
[224],[0.35077679]
[225],[0.39450675]
[226],[0.34852073]
[227],[0.36040342]
[228],[0.39520684]
[229],[0.46406928]
[230],[0.45022509]
[231],[0.46932173]
[232],[0.47601393]
[233],[0.4961589]
[234],[0.49674922]
[235],[0.51447982]
[236],[0.53978682]
[237],[0.5356124]
[238],[0.53800225]
[239],[0.57947236]
[240],[0.5762766]
[241],[0.56336737]
[242],[0.5994367]
[243],[0.64240515]
[244],[0.62013417]
[245],[0.69614899]
[246],[0.66105634]
[247],[0.66848671]
[248],[0.64564556]
[249],[0.64435691]
[250],[0.62843466]
[251],[0.61430019]
[252],[0.57262826]
[253],[0.58592355]
[254],[0.56509316]
[255],[0.50083703]
[256],[0.50939631]
[257],[0.50264204]
[258],[0.4572506]
[259],[0.48368722]
[260],[0.47407001]
[261],[0.43607643]
[262],[0.42100537]
[263],[0.43272725]
[264],[0.39478058]
[265],[0.43006784]
[266],[0.44370577]
[267],[0.42363036]
[268],[0.39456686]
[269],[0.41154298]
[270],[0.37275997]
[271],[0.37301198]
[272],[0.38385257]
[273],[0.38774934]
[274],[0.37295663]
[275],[0.39385533]
[276],[0.4062714]
[277],[0.4037627]
[278],[0.41796693]
[279],[0.42089787]
[280],[0.39819348]
[281],[0.38936126]
[282],[0.37602162]
[283],[0.38122073]
[284],[0.37455511]
[285],[0.41380575]
[286],[0.43656248]
[287],[0.42972264]
[288],[0.40862486]
[289],[0.39657903]
[290],[0.37332508]
[291],[0.35071403]
[292],[0.37157258]
[293],[0.39345956]
[294],[0.41877344]
[295],[0.45692882]
[296],[0.50039685]
[297],[0.50490546]
[298],[0.52136207]
[299],[0.55435848]
[300],[0.51809144]
[301],[0.52032739]
[302],[0.52164149]
[303],[0.55155176]
[304],[0.6013779]
[305],[0.64352989]
[306],[0.64936572]
[307],[0.68319684]
[308],[0.64908117]
[309],[0.57914144]
[310],[0.58326221]
[311],[0.55644733]
[312],[0.52603257]
[313],[0.54270363]
[314],[0.5292685]
[315],[0.59969819]
[316],[0.59812647]
[317],[0.59720552]
[318],[0.62343127]
[319],[0.66333944]
[320],[0.56783831]
[321],[0.58829808]
[322],[0.63752609]
[323],[0.56636798]
[324],[0.43161899]
[325],[0.4262706]
[326],[0.42358363]
[327],[0.37177402]
[328],[0.35274217]
[329],[0.36013997]
[330],[0.31392729]
[331],[0.25739735]
[332],[0.23616944]
[333],[0.23642583]
[334],[0.24957259]
[335],[0.32545331]
[336],[0.34662133]
[337],[0.38276425]
[338],[0.44989532]
[339],[0.41600591]
[340],[0.4020257]
[341],[0.4227334]
[342],[0.43317154]
[343],[0.39630288]
[344],[0.45748121]
[345],[0.48599556]
[346],[0.50047606]
[347],[0.54022658]
[348],[0.59533745]
[349],[0.59066051]
[350],[0.5802688]
[351],[0.59491783]
[352],[0.61022586]
[353],[0.59204143]
[354],[0.58857042]
[355],[0.56498593]
[356],[0.54348475]
[357],[0.51106745]
[358],[0.52360761]
[359],[0.5407362]
[360],[0.56728566]
[361],[0.60083091]
[362],[0.63689268]
[363],[0.65195012]
[364],[0.63477117]
[365],[0.61564708]
[366],[0.56764495]
[367],[0.55770934]
[368],[0.5504846]
[369],[0.51103079]
[370],[0.52223998]
[371],[0.52411306]
[372],[0.51646292]
[373],[0.54215658]
[374],[0.51821864]
[375],[0.4434056]
[376],[0.43740869]
[377],[0.47086582]
[378],[0.46824536]
[379],[0.48470095]
[380],[0.51256156]
[381],[0.50511539]
[382],[0.45296592]
[383],[0.37527761]
[384],[0.36785874]
[385],[0.34277859]
[386],[0.36208835]
[387],[0.37372139]
[388],[0.39556694]
[389],[0.3834326]
[390],[0.40352312]
[391],[0.37351331]
[392],[0.34227717]
[393],[0.36365163]
[394],[0.35690045]
[395],[0.30898267]
[396],[0.30431673]
[397],[0.31762773]
[398],[0.27819562]
[399],[0.28784934]
[400],[0.31552333]
[401],[0.33087248]
[402],[0.32095593]
[403],[0.31153384]
[404],[0.27098367]
[405],[0.25160816]
[406],[0.2280634]
[407],[0.25451151]
[408],[0.28377104]
[409],[0.3212232]
[410],[0.35401538]
[411],[0.41347551]
[412],[0.44609123]
[413],[0.52392983]
[414],[0.56931329]
[415],[0.7000072]
[416],[0.79393494]
[417],[0.89971006]
[418],[0.89248276]
[419],[0.9155575]
[420],[0.87550938]
[421],[0.84536129]
[422],[0.7790578]
[423],[0.82210231]
[424],[0.81490028]
[425],[0.80833936]
[426],[0.81241059]
[427],[0.8264364]
[428],[0.7443949]
[429],[0.69198364]
[430],[0.6188584]
[431],[0.59652019]
[432],[0.54484516]
[433],[0.50862324]
[434],[0.49218059]
[435],[0.43394318]
[436],[0.32232648]
[437],[0.27519524]
[438],[0.23984452]
[439],[0.19651827]
[440],[0.19823927]
[441],[0.22776991]
[442],[0.24990307]
[443],[0.28977036]
[444],[0.34226882]
[445],[0.37183622]
[446],[0.41100892]
[447],[0.45421761]
[448],[0.48143598]
[449],[0.50792813]
[450],[0.56451869]
[451],[0.58811092]
[452],[0.66276139]
[453],[0.64840144]
[454],[0.66998667]
[455],[0.70485872]
[456],[0.71448779]
[457],[0.63963342]
[458],[0.69144863]
[459],[0.71933854]
[460],[0.65089011]
[461],[0.59940147]
[462],[0.60081303]
[463],[0.54150367]
[464],[0.50916892]
[465],[0.47647819]
[466],[0.50351954]
[467],[0.49728671]
[468],[0.46379703]
[469],[0.44470668]
[470],[0.4156667]
[471],[0.36717921]
[472],[0.32726645]
[473],[0.26712176]
[474],[0.2179772]
[475],[0.20589361]
[476],[0.19335875]
[477],[0.20277691]
[478],[0.21026483]
[479],[0.23496711]
[480],[0.27786219]
[481],[0.3467415]
[482],[0.32893649]
[483],[0.37201509]
[484],[0.43276322]
[485],[0.48254097]
[486],[0.54393679]
[487],[0.71977508]
[488],[0.82636917]
[489],[0.85003871]
[490],[0.86621946]
[491],[0.84639549]
[492],[0.85394877]
[493],[0.85303515]
[494],[0.88225484]
[495],[0.84232706]
[496],[0.83200848]
[497],[0.84051597]
[498],[0.81745827]
[499],[0.70041227]
[500],[0.63853848]
[501],[0.53360707]
[502],[0.44902059]
[503],[0.40624303]
[504],[0.41358939]
[505],[0.36363795]
[506],[0.28664124]
[507],[0.24206313]
[508],[0.21405722]
[509],[0.19041753]
[510],[0.21093105]
[511],[0.24486835]
[512],[0.2598238]
[513],[0.28039923]
[514],[0.30442902]
[515],[0.32946101]
[516],[0.34773621]
[517],[0.39617375]
[518],[0.43732432]
[519],[0.50459534]
[520],[0.52313328]
[521],[0.59126884]
[522],[0.58358914]
[523],[0.6094625]
[524],[0.52273989]
[525],[0.5290159]
[526],[0.5421142]
[527],[0.54048103]
[528],[0.52659553]
[529],[0.59616929]
[530],[0.6146732]
[531],[0.57916373]
[532],[0.60346043]
[533],[0.57176685]
[534],[0.49187267]
[535],[0.46363461]
[536],[0.41216722]
[537],[0.3533631]
[538],[0.3302004]
[539],[0.29993108]
[540],[0.25612661]
[541],[0.22355467]
[542],[0.23846702]
[543],[0.21931534]
[544],[0.23239459]
[545],[0.26481763]
[546],[0.36375362]
[547],[0.40726662]
[548],[0.51958764]
[549],[0.64935541]
[550],[0.84182036]
[551],[0.84842533]
[552],[0.9061709]
[553],[0.91519535]
[554],[0.87501293]
[555],[0.80616516]
[556],[0.787889]
[557],[0.66320854]
[558],[0.58642179]
[559],[0.58742124]
[560],[0.52770305]
[561],[0.44559479]
[562],[0.38704816]
[563],[0.31263465]
[564],[0.27657318]
[565],[0.25033364]
[566],[0.28475186]
[567],[0.31685302]
[568],[0.37113062]
[569],[0.40965095]
[570],[0.42668074]
[571],[0.44390798]
[572],[0.45436415]
[573],[0.43708542]
[574],[0.42529592]
[575],[0.42037642]
[576],[0.39236778]
[577],[0.35855097]
[578],[0.33306462]
[579],[0.27974519]
[580],[0.24142769]
[581],[0.20471436]
[582],[0.20156652]
[583],[0.19919889]
[584],[0.24333]
[585],[0.32738933]
[586],[0.4345555]
[587],[0.54350072]
[588],[0.67586017]
[589],[0.73641193]
[590],[0.70565975]
[591],[0.60397726]
[592],[0.48269597]
[593],[0.39324802]
[594],[0.35193625]
[595],[0.32146052]
[596],[0.37384534]
[597],[0.41528738]
[598],[0.43622771]
[599],[0.41067523]
[600],[0.44483605]
[601],[0.43236843]
[602],[0.44417673]
[603],[0.43691185]
[604],[0.43899813]
[605],[0.36649179]
[606],[0.32505652]
[607],[0.32875732]
[608],[0.37964821]
[609],[0.42112014]
[610],[0.53248864]
[611],[0.59206098]
[612],[0.57847428]
[613],[0.55274779]
[614],[0.53212541]
[615],[0.52162874]
[616],[0.49381465]
[617],[0.49814108]
[618],[0.51944894]
[619],[0.53620625]
[620],[0.48721752]
[621],[0.50018299]
[622],[0.43736464]
[623],[0.40496954]
[624],[0.40340692]
[625],[0.40166003]
[626],[0.44687325]
[627],[0.57177711]
[628],[0.6501683]
[629],[0.69566786]
[630],[0.76118654]
[631],[0.70420444]
[632],[0.65899652]
[633],[0.60902947]
[634],[0.55950505]
[635],[0.55084389]
[636],[0.57286292]
[637],[0.54069811]
[638],[0.52767962]
[639],[0.5041526]
[640],[0.42834342]
[641],[0.35754138]
[642],[0.30998626]
[643],[0.30685648]
[644],[0.36094809]
[645],[0.47104421]
[646],[0.62076515]
[647],[0.74857503]
[648],[0.76420373]
[649],[0.69565493]
[650],[0.55648732]
[651],[0.42843503]
[652],[0.36595753]
[653],[0.3706294]
[654],[0.38809851]
[655],[0.473308]
[656],[0.5378806]
[657],[0.61272007]
[658],[0.62359804]
[659],[0.66318923]
[660],[0.60587245]
[661],[0.58638948]
[662],[0.53667986]
[663],[0.51466137]
[664],[0.51799655]
[665],[0.50885266]
[666],[0.5379836]
[667],[0.49335605]
[668],[0.51428074]
[669],[0.52660477]
[670],[0.5256415]
[671],[0.5091213]
[672],[0.57114029]
[673],[0.56914198]
[674],[0.55142075]
[675],[0.57718056]
[676],[0.52865297]
[677],[0.44790345]
[678],[0.43781236]
[679],[0.45229322]
[680],[0.41870382]
[681],[0.46398062]
[682],[0.51304013]
[683],[0.49980667]
[684],[0.47120574]
[685],[0.46882874]
[686],[0.431752]
[687],[0.42181191]
[688],[0.43766263]
[689],[0.47491533]
[690],[0.47372645]
[691],[0.42080837]
[692],[0.32676455]
[693],[0.24988329]
[694],[0.22069214]
[695],[0.25868884]
[696],[0.35360274]
[697],[0.42593974]
[698],[0.50231916]
[699],[0.515122]
[700],[0.4832927]
[701],[0.45829991]
[702],[0.4640381]
[703],[0.45782277]
[704],[0.51419663]
[705],[0.51297683]
[706],[0.46122402]
[707],[0.38504857]
[708],[0.37542349]
[709],[0.35724127]
[710],[0.33303234]
[711],[0.36768782]
[712],[0.40085533]
[713],[0.38395292]
[714],[0.36597046]
[715],[0.40714416]
[716],[0.44423893]
[717],[0.48056322]
[718],[0.48774925]
[719],[0.49187648]
[720],[0.49195498]
[721],[0.52292037]
[722],[0.53474826]
[723],[0.54875869]
[724],[0.53347194]
[725],[0.52806306]
[726],[0.53300035]
[727],[0.53577483]
[728],[0.55926299]
[729],[0.59910876]
[730],[0.60330766]
[731],[0.54289371]
[732],[0.52573806]
[733],[0.52685094]
[734],[0.52077705]
[735],[0.52251273]
[736],[0.50017226]
[737],[0.48375645]
[738],[0.47035244]
[739],[0.44581139]
[740],[0.39381224]
[741],[0.43233445]
[742],[0.44318816]
[743],[0.49408513]
[744],[0.56050408]
[745],[0.59397483]
[746],[0.56222069]
[747],[0.54566377]
[748],[0.54170841]
[749],[0.48306626]
[750],[0.48286071]
[751],[0.53511125]
[752],[0.51984143]
[753],[0.53510135]
[754],[0.53959906]
[755],[0.54094064]
[756],[0.48442772]
[757],[0.52049524]
[758],[0.51171219]
[759],[0.47758257]
[760],[0.51488703]
[761],[0.49285176]
[762],[0.47794655]
[763],[0.45094597]
[764],[0.45603743]
[765],[0.45067346]
[766],[0.46839863]
[767],[0.47228408]
[768],[0.42657468]
[769],[0.46144569]
[770],[0.46204183]
[771],[0.52314663]
[772],[0.45677236]
[773],[0.49670169]
[774],[0.51936924]
[775],[0.5288229]
[776],[0.46569619]
[777],[0.4994275]
[778],[0.4955349]
[779],[0.51183486]
[780],[0.54909068]
[781],[0.46889886]
[782],[0.49485245]
[783],[0.51321107]
[784],[0.47894245]
[785],[0.45313436]
[786],[0.52613956]
[787],[0.49929467]
[788],[0.52477241]
[789],[0.50366479]
[790],[0.52424902]
[791],[0.52956396]
[792],[0.54953051]
[793],[0.55066508]
[794],[0.536183]
[795],[0.4812538]
[796],[0.4547056]
[797],[0.48395896]
[798],[0.4831081]
[799],[0.54131877]
[800],[0.65248305]
[801],[0.69103456]
[802],[0.60157537]
[803],[0.61635661]
[804],[0.58444685]
[805],[0.49563754]
[806],[0.48752406]
[807],[0.58679509]
[808],[0.65567762]
[809],[0.64945513]
[810],[0.66356856]
[811],[0.73268813]
[812],[0.57803929]
[813],[0.45863569]
[814],[0.43541631]
[815],[0.5216912]
[816],[0.46533483]
[817],[0.45648059]
[818],[0.51133621]
[819],[0.54311705]
[820],[0.48698857]
[821],[0.47734961]
[822],[0.48666909]
[823],[0.50035924]
[824],[0.49357271]
[825],[0.50685853]
[826],[0.54036856]
[827],[0.61572915]
[828],[0.6541031]
[829],[0.69488734]
[830],[0.79205567]
[831],[0.77786922]
[832],[0.58399343]
[833],[0.50652087]
[834],[0.44299898]
[835],[0.39547876]
[836],[0.46578184]
[837],[0.45354152]
[838],[0.46834737]
[839],[0.50404418]
[840],[0.58666962]
[841],[0.5652523]
[842],[0.57618421]
[843],[0.57529598]
[844],[0.58109093]
[845],[0.46497735]
[846],[0.48009148]
[847],[0.51383001]
[848],[0.45761603]
[849],[0.47257704]
[850],[0.55411774]
[851],[0.54332012]
[852],[0.54963243]
[853],[0.57470107]
[854],[0.53503859]
[855],[0.52250791]
[856],[0.53485429]
[857],[0.50050825]
[858],[0.48102051]
[859],[0.50395781]
[860],[0.50829643]
[861],[0.49795094]
[862],[0.56026828]
[863],[0.60464233]
[864],[0.61259121]
[865],[0.57237184]
[866],[0.5696162]
[867],[0.5849613]
[868],[0.56864321]
[869],[0.56656402]
[870],[0.581765]
[871],[0.56830144]
[872],[0.53751111]
[873],[0.54235524]
[874],[0.55728883]
[875],[0.52264655]
[876],[0.51635975]
[877],[0.54832077]
[878],[0.48639685]
[879],[0.47679752]
[880],[0.50539148]
[881],[0.53669542]
[882],[0.48880634]
[883],[0.52201736]
[884],[0.50917417]
[885],[0.49349409]
[886],[0.50886458]
[887],[0.4662779]
[888],[0.3976112]
[889],[0.43234253]
[890],[0.42039192]
[891],[0.40731609]
[892],[0.54222095]
[893],[0.59585619]
[894],[0.56241614]
[895],[0.61772203]
[896],[0.62148148]
[897],[0.51862705]
[898],[0.53820425]
[899],[0.55930334]
[900],[0.52386361]
[901],[0.53659886]
[902],[0.53641361]
[903],[0.57063067]
[904],[0.53643751]
[905],[0.55590242]
[906],[0.56346166]
[907],[0.52481622]
[908],[0.43491709]
[909],[0.48889482]
[910],[0.48618743]
[911],[0.49452168]
[912],[0.52164352]
[913],[0.57884735]
[914],[0.59617043]
[915],[0.62917066]
[916],[0.5435735]
[917],[0.58133632]
[918],[0.61724186]
[919],[0.57999182]
[920],[0.56193399]
[921],[0.60981554]
[922],[0.58624989]
[923],[0.55352026]
[924],[0.54687512]
[925],[0.57627773]
[926],[0.57651293]
[927],[0.5654183]
[928],[0.5987668]
[929],[0.59164464]
[930],[0.59630501]
[931],[0.60393137]
[932],[0.60573137]
[933],[0.57508546]
[934],[0.55693346]
[935],[0.54710108]
[936],[0.52538526]
[937],[0.54258788]
[938],[0.57544643]
[939],[0.57384235]
[940],[0.53799206]
[941],[0.54794472]
[942],[0.52916676]
[943],[0.56437057]
[944],[0.55634755]
[945],[0.56805909]
[946],[0.58699781]
[947],[0.63169217]
[948],[0.60949671]
[949],[0.59165555]
[950],[0.60796452]
[951],[0.60043132]
[952],[0.57077068]
[953],[0.54668528]
[954],[0.55197209]
[955],[0.56945157]
[956],[0.63232821]
[957],[0.62164414]
[958],[0.66004759]
[959],[0.68241543]
[960],[0.69949973]
[961],[0.59772933]
[962],[0.61241996]
[963],[0.57074767]
[964],[0.55626309]
[965],[0.51483631]
[966],[0.507173]
[967],[0.50627816]
[968],[0.55108458]
[969],[0.55987895]
[970],[0.57063472]
[971],[0.58606929]
[972],[0.60996777]
[973],[0.60248721]
[974],[0.57957542]
[975],[0.56851119]
[976],[0.55392075]
[977],[0.54011077]
[978],[0.57544035]
[979],[0.60991943]
[980],[0.65951961]
[981],[0.62826812]
[982],[0.62702495]
[983],[0.54921585]
[984],[0.54021716]
[985],[0.55128735]
[986],[0.55531603]
[987],[0.55389506]
[988],[0.55753881]
[989],[0.56067324]
[990],[0.55966288]
[991],[0.58098698]
[992],[0.6011939]
[993],[0.59697348]
[994],[0.64410448]
[995],[0.60924315]
[996],[0.62864298]
[997],[0.60029954]
[998],[0.62722659]
[999],[0.58389932]
[1000],[0.58077663]
[1001],[0.56676531]
[1002],[0.57841361]
[1003],[0.62894046]
[1004],[0.60211664]
[1005],[0.64150923]
[1006],[0.62528795]
[1007],[0.59071642]
[1008],[0.5151279]
[1009],[0.50152761]
[1010],[0.48495656]
[1011],[0.51284504]
[1012],[0.60255671]
[1013],[0.62013853]
[1014],[0.67653155]
[1015],[0.68995827]
[1016],[0.73585236]
[1017],[0.6665768]
[1018],[0.67875069]
[1019],[0.69573075]
[1020],[0.67154914]
[1021],[0.57434654]
[1022],[0.5647788]
[1023],[0.59219825]
[1024],[0.57227242]
[1025],[0.65687233]
[1026],[0.64985543]
[1027],[0.63433188]
[1028],[0.57964331]
[1029],[0.56827456]
[1030],[0.51587915]
[1031],[0.49447381]
[1032],[0.53360581]
[1033],[0.57535589]
[1034],[0.59132332]
[1035],[0.631055]
[1036],[0.67902088]
[1037],[0.61846322]
[1038],[0.60712117]
[1039],[0.59427965]
[1040],[0.60778677]
[1041],[0.59693265]
[1042],[0.63487297]
[1043],[0.64611858]
[1044],[0.6578353]
[1045],[0.63834548]
[1046],[0.62874365]
[1047],[0.57669002]
[1048],[0.56441313]
[1049],[0.57294858]
[1050],[0.53979874]
[1051],[0.57287133]
[1052],[0.57819301]
[1053],[0.60458732]
[1054],[0.61220944]
[1055],[0.65322196]
[1056],[0.62352377]
[1057],[0.65678418]
[1058],[0.62829512]
[1059],[0.64691389]
[1060],[0.62332052]
[1061],[0.65892291]
[1062],[0.63974261]
[1063],[0.65749574]
[1064],[0.6845578]
[1065],[0.74504668]
[1066],[0.72163594]
[1067],[0.7657963]
[1068],[0.79047829]
[1069],[0.73689312]
[1070],[0.63958549]
[1071],[0.66884035]
[1072],[0.6048432]
[1073],[0.59760427]
[1074],[0.58268631]
[1075],[0.64095712]
[1076],[0.630117]
[1077],[0.68282861]
[1078],[0.7059682]
[1079],[0.77295345]
[1080],[0.77889448]
[1081],[0.79500884]
[1082],[0.68315858]
[1083],[0.63519889]
[1084],[0.57445401]
[1085],[0.59286505]
[1086],[0.5754683]
[1087],[0.58399838]
[1088],[0.56524777]
[1089],[0.56646049]
[1090],[0.54817259]
[1091],[0.55803895]
[1092],[0.55425799]
[1093],[0.55079484]
[1094],[0.58991069]
[1095],[0.55876791]
[1096],[0.64042455]
[1097],[0.71234697]
[1098],[0.74599081]
[1099],[0.75359005]
[1100],[0.81746805]
[1101],[0.68611556]
[1102],[0.64451218]
[1103],[0.59768838]
[1104],[0.62203872]
[1105],[0.61472595]
[1106],[0.61223251]
[1107],[0.57586366]
[1108],[0.587731]
[1109],[0.57591945]
[1110],[0.56729478]
[1111],[0.60621464]
[1112],[0.65211338]
[1113],[0.70404154]
[1114],[0.67471868]
[1115],[0.67745465]
[1116],[0.6208663]
[1117],[0.61696458]
[1118],[0.58922911]
[1119],[0.62286419]
[1120],[0.64965856]
[1121],[0.66786492]
[1122],[0.69473088]
[1123],[0.65088767]
[1124],[0.6252352]
[1125],[0.59214318]
[1126],[0.5869233]
[1127],[0.5754146]
[1128],[0.57085288]
[1129],[0.58365113]
[1130],[0.59051532]
[1131],[0.56741458]
[1132],[0.5697729]
[1133],[0.55519778]
[1134],[0.57321602]
[1135],[0.57101864]
[1136],[0.59328717]
[1137],[0.56156665]
[1138],[0.6086598]
[1139],[0.58011413]
[1140],[0.60073876]
[1141],[0.62476349]
[1142],[0.6361686]
[1143],[0.65900028]
[1144],[0.65060478]
[1145],[0.60935336]
[1146],[0.57778537]
[1147],[0.60233092]
[1148],[0.57031322]
[1149],[0.57202458]
[1150],[0.60263163]
[1151],[0.62497026]
[1152],[0.5950017]
[1153],[0.60108644]
[1154],[0.58912563]
[1155],[0.60951698]
[1156],[0.56142062]
[1157],[0.5688048]
[1158],[0.60386777]
[1159],[0.63515675]
[1160],[0.62801033]
[1161],[0.69095951]
[1162],[0.77229059]
[1163],[0.75862575]
[1164],[0.83607727]
[1165],[0.8706767]
[1166],[0.80412179]
[1167],[0.67147136]
[1168],[0.66024107]
[1169],[0.61410642]
[1170],[0.61378652]
[1171],[0.70414257]
[1172],[0.70458972]
[1173],[0.69638056]
[1174],[0.72351813]
[1175],[0.72466689]
[1176],[0.71130472]
[1177],[0.73693633]
[1178],[0.71975166]
[1179],[0.7171303]
[1180],[0.71540833]
[1181],[0.68844199]
[1182],[0.70068926]
[1183],[0.66356909]
[1184],[0.65975583]
[1185],[0.64218068]
[1186],[0.60573286]
[1187],[0.60232753]
[1188],[0.65683591]
[1189],[0.61307824]
[1190],[0.65065736]
[1191],[0.68112403]
[1192],[0.67236638]
[1193],[0.67506146]
[1194],[0.70022386]
[1195],[0.68784595]
[1196],[0.73732716]
[1197],[0.7421391]
[1198],[0.68991327]
[1199],[0.66776341]
[1200],[0.66552752]
[1201],[0.60663122]
[1202],[0.61296254]
[1203],[0.62246513]
[1204],[0.62340605]
[1205],[0.63498634]
[1206],[0.65483481]
[1207],[0.67444509]
[1208],[0.75772321]
[1209],[0.75760537]
[1210],[0.74952918]
[1211],[0.78909183]
[1212],[0.84533513]
[1213],[0.75675136]
[1214],[0.73605484]
[1215],[0.76813322]
[1216],[0.70869833]
[1217],[0.64681774]
[1218],[0.6627925]
[1219],[0.6761592]
[1220],[0.65866983]
[1221],[0.69010586]
[1222],[0.69802374]
[1223],[0.66680562]
[1224],[0.65720344]
[1225],[0.70404863]
[1226],[0.72942096]
[1227],[0.75507617]
[1228],[0.76799202]
[1229],[0.8234542]
[1230],[0.79763657]
[1231],[0.74265993]
[1232],[0.7458632]
[1233],[0.82051891]
[1234],[0.79805195]
[1235],[0.78936243]
[1236],[0.83174092]
[1237],[0.78172034]
[1238],[0.76162928]
[1239],[0.7249257]
[1240],[0.68619531]
[1241],[0.67979866]
[1242],[0.6662358]
[1243],[0.67913914]
[1244],[0.71225804]
[1245],[0.70116341]
[1246],[0.67728788]
[1247],[0.75514662]
[1248],[0.76573116]
[1249],[0.7405501]
[1250],[0.78521824]
[1251],[0.81909859]
[1252],[0.74004233]
[1253],[0.7168352]
[1254],[0.79048592]
[1255],[0.73899668]
[1256],[0.78212398]
[1257],[0.78333014]
[1258],[0.75603193]
[1259],[0.72865129]
[1260],[0.73828942]
[1261],[0.69735491]
[1262],[0.69329107]
[1263],[0.7383588]
[1264],[0.7698341]
[1265],[0.76683539]
[1266],[0.7682246]
[1267],[0.77462524]
[1268],[0.71577865]
[1269],[0.70970511]
[1270],[0.75053233]
[1271],[0.81216782]
[1272],[0.81459963]
[1273],[0.88379961]
[1274],[0.8980059]
[1275],[0.88523608]
[1276],[0.80647224]
[1277],[0.80329305]
[1278],[0.76119298]
[1279],[0.8087312]
[1280],[0.84090072]
[1281],[0.83830863]
[1282],[0.80823195]
[1283],[0.82947892]
[1284],[0.77291042]
[1285],[0.75090492]
[1286],[0.75092298]
[1287],[0.77095085]
[1288],[0.74874073]
[1289],[0.74436355]
[1290],[0.77873182]
[1291],[0.77907878]
[1292],[0.75062865]
[1293],[0.75479007]
[1294],[0.74452257]
[1295],[0.69833642]
[1296],[0.68648523]
[1297],[0.71998483]
[1298],[0.7571196]
[1299],[0.7683121]
[1300],[0.7631399]
[1301],[0.74751186]
[1302],[0.71872115]
[1303],[0.71994323]
[1304],[0.72551996]
[1305],[0.73817927]
[1306],[0.78044099]
[1307],[0.81106937]
[1308],[0.80581897]
[1309],[0.7921887]
[1310],[0.7898733]
[1311],[0.72355825]
[1312],[0.69903404]
[1313],[0.72662598]
[1314],[0.78332376]
[1315],[0.80463499]
[1316],[0.82913446]
[1317],[0.87014395]
[1318],[0.83879554]
[1319],[0.81702083]
[1320],[0.86160874]
[1321],[0.87465197]
[1322],[0.86022067]
[1323],[0.86074013]
[1324],[0.83991218]
[1325],[0.76820379]
[1326],[0.77800673]
[1327],[0.81026107]
[1328],[0.85604042]
[1329],[0.83045512]
[1330],[0.84570235]
[1331],[0.81565946]
[1332],[0.70642573]
[1333],[0.67649114]
[1334],[0.72454852]
[1335],[0.77913499]
[1336],[0.75705945]
[1337],[0.73780578]
[1338],[0.75051171]
[1339],[0.73602164]
[1340],[0.73386675]
[1341],[0.76429993]
[1342],[0.78267562]
[1343],[0.79177392]
[1344],[0.79662222]
[1345],[0.80306107]
[1346],[0.80597723]
[1347],[0.79620475]
[1348],[0.77352136]
[1349],[0.75818682]
[1350],[0.7723338]
[1351],[0.78576857]
[1352],[0.83893377]
[1353],[0.87169474]
[1354],[0.89042079]
[1355],[0.87194353]
[1356],[0.81209111]
[1357],[0.77207762]
[1358],[0.77644569]
[1359],[0.8288523]
[1360],[0.83743072]
[1361],[0.88121998]
[1362],[0.92784578]
[1363],[0.91198134]
[1364],[0.86494476]
[1365],[0.87931472]
[1366],[0.88886583]
[1367],[0.82321763]
[1368],[0.80291331]
[1369],[0.80415803]
[1370],[0.77169055]
[1371],[0.70140153]
[1372],[0.71587163]
[1373],[0.71167099]
[1374],[0.7034269]
[1375],[0.72345042]
[1376],[0.78744596]
[1377],[0.80079335]
[1378],[0.85038787]
[1379],[0.85920799]
[1380],[0.86362821]
[1381],[0.82375973]
[1382],[0.79728115]
[1383],[0.75453693]
[1384],[0.77914619]
[1385],[0.7729724]
[1386],[0.77034676]
[1387],[0.76484269]
[1388],[0.78206915]
[1389],[0.79110998]
[1390],[0.81275308]
[1391],[0.82420212]
[1392],[0.8672868]
[1393],[0.86180127]
[1394],[0.8404485]
[1395],[0.84559518]
[1396],[0.8327328]
[1397],[0.81441563]
[1398],[0.82940674]
[1399],[0.85025311]
[1400],[0.82182854]
[1401],[0.79775524]
[1402],[0.77540249]
[1403],[0.80256951]
[1404],[0.7991423]
[1405],[0.76987046]
[1406],[0.77683043]
[1407],[0.78400123]
[1408],[0.73336977]
[1409],[0.71947432]
[1410],[0.7657851]
[1411],[0.80097777]
[1412],[0.81197751]
[1413],[0.84227538]
[1414],[0.8708601]
[1415],[0.88008672]
[1416],[0.88882363]
[1417],[0.86830628]
[1418],[0.82736897]
[1419],[0.81849086]
[1420],[0.81533653]
[1421],[0.82469153]
[1422],[0.84255403]
[1423],[0.89289659]
[1424],[0.88425213]
[1425],[0.87963867]
[1426],[0.83378005]
[1427],[0.82755572]
[1428],[0.79623818]
[1429],[0.82098413]
[1430],[0.80579585]
[1431],[0.87637401]
[1432],[0.88759059]
[1433],[0.89332199]
[1434],[0.83720684]
[1435],[0.82608783]
[1436],[0.80686933]
[1437],[0.787431]
[1438],[0.77229929]
[1439],[0.77713317]
[1440],[0.82812154]
[1441],[0.81446671]
[1442],[0.85730451]
[1443],[0.85687196]
[1444],[0.8674807]
[1445],[0.83875263]
[1446],[0.82326138]
[1447],[0.83751172]
[1448],[0.81490034]
[1449],[0.85135376]
[1450],[0.84976828]
[1451],[0.85533667]
[1452],[0.82534522]
[1453],[0.85908884]
[1454],[0.83043563]
[1455],[0.82318246]
[1456],[0.8245182]
[1457],[0.85181028]
[1458],[0.89020306]
[1459],[0.92102456]
[1460],[0.91660273]
[1461],[0.91065341]
[1462],[0.87549299]
[1463],[0.84941632]
[1464],[0.80151027]
[1465],[0.81697488]
[1466],[0.80390751]
[1467],[0.80423242]
[1468],[0.80008894]
[1469],[0.86434168]
[1470],[0.87710136]
[1471],[0.90439039]
[1472],[0.90597624]
[1473],[0.89318591]
[1474],[0.85110974]
[1475],[0.84444296]
[1476],[0.82200211]
[1477],[0.80152923]
[1478],[0.81340677]
[1479],[0.80612993]
[1480],[0.81444585]
[1481],[0.87268358]
[1482],[0.87955415]
[1483],[0.87033528]
[1484],[0.90335202]
[1485],[0.88753384]
[1486],[0.84750253]
[1487],[0.8637374]
[1488],[0.8707689]
[1489],[0.85917205]
[1490],[0.87677282]
[1491],[0.88800478]
[1492],[0.87448895]
[1493],[0.87291133]
[1494],[0.86523438]
[1495],[0.87905258]
[1496],[0.87357599]
[1497],[0.90622687]
[1498],[0.93146157]
[1499],[0.92201936]
[1500],[0.89002609]
[1501],[0.92061245]
[1502],[0.90074766]
[1503],[0.87472367]
[1504],[0.90407604]
[1505],[0.90456986]
[1506],[0.8725661]
[1507],[0.86991167]
[1508],[0.86314613]
[1509],[0.8587774]
[1510],[0.86921912]
[1511],[0.86703092]
[1512],[0.87420762]
[1513],[0.84780312]
[1514],[0.80114514]
[1515],[0.80259746]
[1516],[0.81804788]
[1517],[0.82739127]
[1518],[0.86229014]
[1519],[0.89954036]
[1520],[0.90574908]
[1521],[0.92814201]
[1522],[0.93035394]
[1523],[0.90762228]
[1524],[0.88880545]
[1525],[0.92603886]
[1526],[0.90214056]
[1527],[0.87468129]
[1528],[0.91298455]
[1529],[0.91218132]
[1530],[0.8797341]
[1531],[0.86668271]
[1532],[0.85600442]
[1533],[0.81418258]
[1534],[0.79737186]
[1535],[0.80041754]
[1536],[0.81490004]
[1537],[0.84378564]
[1538],[0.87430787]
[1539],[0.8742817]
[1540],[0.89815712]
[1541],[0.93255943]
[1542],[0.91236585]
[1543],[0.8976391]
[1544],[0.90323645]
[1545],[0.88359863]
[1546],[0.87478626]
[1547],[0.88395804]
[1548],[0.88925141]
[1549],[0.8894819]
[1550],[0.87567753]
[1551],[0.84322745]
[1552],[0.83934778]
[1553],[0.86974752]
[1554],[0.89678925]
[1555],[0.90473557]
[1556],[0.92874688]
[1557],[0.95695084]
[1558],[0.94954294]
[1559],[0.9466396]
[1560],[0.95793849]
[1561],[0.93700767]
[1562],[0.91229159]
[1563],[0.87542254]
[1564],[0.85620636]
[1565],[0.81784642]
[1566],[0.85099602]
[1567],[0.84572911]
[1568],[0.88304931]
[1569],[0.89413029]
[1570],[0.92207241]
[1571],[0.9245804]
[1572],[0.91429281]
[1573],[0.89206159]
[1574],[0.8658756]
[1575],[0.86295891]
[1576],[0.838121]
[1577],[0.84253448]
[1578],[0.89031762]
[1579],[0.91787827]
[1580],[0.88881695]
[1581],[0.90122068]
[1582],[0.89342988]
[1583],[0.84210163]
[1584],[0.81835115]
[1585],[0.83264059]
[1586],[0.82351851]
[1587],[0.83069062]
[1588],[0.84030259]
[1589],[0.84309852]
[1590],[0.85577798]
[1591],[0.8672418]
[1592],[0.88380957]
[1593],[0.92445785]
[1594],[0.95453757]
[1595],[0.9659434]
[1596],[0.95906109]
[1597],[0.94893509]
[1598],[0.92872262]
[1599],[0.89796782]
[1600],[0.87608916]
[1601],[0.8610878]
[1602],[0.88933069]
[1603],[0.88035142]
[1604],[0.92869473]
[1605],[0.96078444]
[1606],[0.96838957]
[1607],[0.96733612]
[1608],[0.95845151]
[1609],[0.96178943]
[1610],[0.93780935]
[1611],[0.95747542]
[1612],[0.93799937]
[1613],[0.94303983]
[1614],[0.92386311]
[1615],[0.91219139]
[1616],[0.91005576]
[1617],[0.90012282]
[1618],[0.92685235]
[1619],[0.8954109]
[1620],[0.89834344]
[1621],[0.85764378]
[1622],[0.91822588]
[1623],[0.89241481]
[1624],[0.89776927]
[1625],[0.93383342]
[1626],[0.95535278]
[1627],[0.95402485]
[1628],[0.96920455]
[1629],[0.97454077]
[1630],[0.97985029]
[1631],[0.9775238]
[1632],[0.9688127]
[1633],[0.97358751]
[1634],[0.96973228]
[1635],[0.96159327]
[1636],[0.95973092]
[1637],[0.96893162]
[1638],[0.97274292]
[1639],[0.97620809]
[1640],[0.97115684]
[1641],[0.97040761]
[1642],[0.96559292]
[1643],[0.97117901]
[1644],[0.97676384]
[1645],[0.97502309]
[1646],[0.97815824]
[1647],[0.9767949]
[1648],[0.97884411]
[1649],[0.96348596]
[1650],[0.97056299]
[1651],[0.97304302]
[1652],[0.9748683]
[1653],[0.97173059]
[1654],[0.96376568]
[1655],[0.96721566]
[1656],[0.9686377]
[1657],[0.96906906]
[1658],[0.97291213]
[1659],[0.97574615]
[1660],[0.97738385]
[1661],[0.97763216]
[1662],[0.97781861]
[1663],[0.97618812]
[1664],[0.97911102]
[1665],[0.97972208]
[1666],[0.98006964]
[1667],[0.9720701]
[1668],[0.97569454]
[1669],[0.97694367]
[1670],[0.97653061]
[1671],[0.9745599]
[1672],[0.97676474]
[1673],[0.97448504]
[1674],[0.97322267]
[1675],[0.95804888]
[1676],[0.97263181]
[1677],[0.97305828]
[1678],[0.95522767]
[1679],[0.9613471]
[1680],[0.97271281]
[1681],[0.96878862]
[1682],[0.97248942]
[1683],[0.97597128]
[1684],[0.97821516]
[1685],[0.98019719]
[1686],[0.978881]
[1687],[0.97513062]
[1688],[0.97734523]
[1689],[0.97308427]
[1690],[0.96936762]
[1691],[0.96571511]
[1692],[0.97162443]
[1693],[0.97474414]
[1694],[0.97906244]
[1695],[0.97556078]
[1696],[0.9730767]
[1697],[0.96709496]
[1698],[0.96925497]
[1699],[0.96895438]
[1700],[0.96950531]
[1701],[0.9746533]
[1702],[0.97635061]
[1703],[0.97722071]
[1704],[0.97740227]
[1705],[0.97630048]
[1706],[0.9700076]
[1707],[0.97832471]
[1708],[0.97411591]
[1709],[0.97610575]
[1710],[0.97245085]
[1711],[0.96536189]
[1712],[0.95509142]
[1713],[0.95730454]
[1714],[0.95101148]
[1715],[0.9609611]
[1716],[0.96414983]
[1717],[0.9642846]
[1718],[0.95728761]
[1719],[0.96005577]
[1720],[0.96632916]
[1721],[0.96310282]
[1722],[0.96707237]
[1723],[0.97375125]
[1724],[0.96353447]
[1725],[0.9513579]
[1726],[0.96733576]
[1727],[0.9741931]
[1728],[0.97132832]
[1729],[0.97627819]
[1730],[0.9762798]
[1731],[0.97070932]
[1732],[0.96450692]
[1733],[0.95518112]
[1734],[0.96284986]
[1735],[0.97408593]
[1736],[0.97730392]
[1737],[0.97523355]
[1738],[0.97676826]
[1739],[0.96908265]
[1740],[0.95594996]
[1741],[0.93476528]
[1742],[0.93806982]
[1743],[0.93977916]
[1744],[0.94679439]
[1745],[0.96057904]
[1746],[0.95795655]
[1747],[0.95718682]
[1748],[0.95151764]
[1749],[0.96126533]
[1750],[0.96485639]
[1751],[0.97449863]
[1752],[0.97723877]
[1753],[0.97752726]
[1754],[0.97600687]
[1755],[0.97302747]
[1756],[0.96413046]
[1757],[0.95542604]
[1758],[0.95502639]
[1759],[0.95430368]
[1760],[0.96673286]
[1761],[0.96895838]
[1762],[0.97469002]
[1763],[0.97791666]
[1764],[0.97457957]
[1765],[0.96036875]
[1766],[0.96201611]
[1767],[0.95039755]
[1768],[0.9516412]
[1769],[0.96201521]
[1770],[0.9738332]
[1771],[0.97567165]
[1772],[0.96911466]
[1773],[0.96137947]
[1774],[0.96747333]
[1775],[0.96733528]
[1776],[0.96784514]
[1777],[0.97347409]
[1778],[0.97041613]
[1779],[0.9616223]
[1780],[0.94816303]
[1781],[0.94313949]
[1782],[0.92510253]
[1783],[0.92456257]
[1784],[0.94305336]
[1785],[0.94784957]
[1786],[0.94579023]
[1787],[0.9582426]
[1788],[0.96255732]
[1789],[0.9536975]
[1790],[0.96010846]
[1791],[0.96647739]
[1792],[0.96511966]
[1793],[0.97048712]
[1794],[0.97251332]
[1795],[0.9714002]
[1796],[0.95930147]
[1797],[0.93982875]
